{
  "scope": "sector",
  "key": "Communication Services",
  "theta": {
    "dso": 32.02145767211914,
    "dio": 6.000731945037842,
    "dpo": 32.42060089111328,
    "oca_to_sales": 0.10000000149011612,
    "onca_to_sales": 0.9813157916069031,
    "ocl_to_sales": 0.1962631642818451,
    "oncl_to_sales": 0.5,
    "capex_to_sales": 0.01117780338972807,
    "dep_to_ppe": 0.10847822576761246,
    "cash_min_to_sales": 0.02048397995531559,
    "r_st": 0.08098023384809494,
    "r_lt": 0.0077692740596830845,
    "tax_rate": 0.18081134557724,
    "payout": 0.35373231768608093
  },
  "fit_info": {
    "fit_mode_used": "tf",
    "loss": 0.4559978246688843,
    "epoch": 2499,
    "note": "",
    "loss_mode": "relative"
  }
}