{
  "scope": "sector",
  "key": "Energy",
  "theta": {
    "dso": 28.650638580322266,
    "dio": 12.765129089355469,
    "dpo": 42.979007720947266,
    "oca_to_sales": 0.10000000149011612,
    "onca_to_sales": 0.5,
    "ocl_to_sales": 0.10000000149011612,
    "oncl_to_sales": 0.5,
    "capex_to_sales": 0.03115427866578102,
    "dep_to_ppe": 0.07053475826978683,
    "cash_min_to_sales": 0.01737816445529461,
    "r_st": 0.0905008465051651,
    "r_lt": 0.18775668740272522,
    "tax_rate": 0.279118150472641,
    "payout": 0.4067113399505615
  },
  "fit_info": {
    "fit_mode_used": "tf",
    "loss": 0.45061439275741577,
    "epoch": 2499,
    "note": "",
    "loss_mode": "relative"
  }
}