{
  "scope": "sector",
  "key": "Financials",
  "theta": {
    "dso": 60.10595703125,
    "dio": 1.9481818675994873,
    "dpo": 52.05125427246094,
    "oca_to_sales": 0.10000000149011612,
    "onca_to_sales": 0.9813157916069031,
    "ocl_to_sales": 0.1962631642818451,
    "oncl_to_sales": 0.5,
    "capex_to_sales": 0.0051644970662891865,
    "dep_to_ppe": 0.04992910847067833,
    "cash_min_to_sales": 0.019070902839303017,
    "r_st": 0.0007766039343550801,
    "r_lt": 0.0008052623015828431,
    "tax_rate": 0.013949074782431126,
    "payout": 0.025890503078699112
  },
  "fit_info": {
    "fit_mode_used": "tf",
    "loss": 5702.7548828125,
    "epoch": 2499,
    "note": "",
    "loss_mode": "relative"
  }
}