{
  "scope": "company",
  "key": "BABA",
  "theta": {
    "dso": 13.501882726459588,
    "dio": 18.955338869736853,
    "dpo": 72.5365186764297,
    "oca_to_sales": 0.4766343522091699,
    "onca_to_sales": 0.9182168030602507,
    "ocl_to_sales": 0.31048697632173616,
    "oncl_to_sales": 0.11014784381486081,
    "capex_to_sales": 0.039544738208353525,
    "dep_to_ppe": 0.09279304492209894,
    "cash_min_to_sales": 0.22240703139464232,
    "r_st": 0.11560024637336572,
    "r_lt": 0.11560024637336572,
    "tax_rate": 0.21971366712828413,
    "payout": 0.22429976627629392
  },
  "fit_info": {
    "fit_mode_used": "heuristic",
    "loss": NaN,
    "epoch": -1,
    "note": ""
  }
}