{
  "scope": "company",
  "key": "GOOGL",
  "theta": {
    "dso": 54.45273983536499,
    "dio": 7.722082676323067,
    "dpo": 17.67165941337036,
    "oca_to_sales": 0.35351935397191303,
    "onca_to_sales": 0.26386476297660544,
    "ocl_to_sales": 0.22541402091731447,
    "oncl_to_sales": 0.08886499953866808,
    "capex_to_sales": 0.10811819717700379,
    "dep_to_ppe": 0.11056571843145438,
    "cash_min_to_sales": 0.0775309948743939,
    "r_st": 0.021916919076453607,
    "r_lt": 0.021916919076453607,
    "tax_rate": 0.14914688035963053,
    "payout": 0.25
  },
  "fit_info": {
    "fit_mode_used": "heuristic",
    "loss": NaN,
    "epoch": -1,
    "note": ""
  }
}