{
  "scope": "company",
  "key": "MSFT",
  "theta": {
    "dso": 84.31129754427859,
    "dio": 9.995436848004376,
    "dpo": 104.30294500135722,
    "oca_to_sales": 0.4018973371100055,
    "onca_to_sales": 0.6814108070210529,
    "ocl_to_sales": 0.38311009661291623,
    "oncl_to_sales": 0.29509283367970296,
    "capex_to_sales": 0.15704089437711413,
    "dep_to_ppe": 0.06472026134831974,
    "cash_min_to_sales": 0.09252707110501404,
    "r_st": 0.050833326133334765,
    "r_lt": 0.050833326133334765,
    "tax_rate": 0.18604975925577727,
    "payout": 0.2603220173123009
  },
  "fit_info": {
    "fit_mode_used": "heuristic",
    "loss": NaN,
    "epoch": -1,
    "note": ""
  }
}