{
  "scope": "company",
  "key": "TCEHY",
  "theta": {
    "dso": 28.929088811225512,
    "dio": 1.6116418203601897,
    "dpo": 111.70373805047399,
    "oca_to_sales": 0.5714245926232466,
    "onca_to_sales": 1.6327705991259678,
    "ocl_to_sales": 0.44885226288935426,
    "oncl_to_sales": 0.09195488836400938,
    "capex_to_sales": 0.08476886413879947,
    "dep_to_ppe": 0.5,
    "cash_min_to_sales": 0.2827023489873619,
    "r_st": 0.034329880168220486,
    "r_lt": 0.034329880168220486,
    "tax_rate": 0.18781167083113529,
    "payout": 0.1254617431261563
  },
  "fit_info": {
    "fit_mode_used": "heuristic",
    "loss": NaN,
    "epoch": -1,
    "note": ""
  }
}