{
  "scope": "company",
  "key": "VOW3.DE",
  "theta": {
    "dso": 77.42748117410842,
    "dio": 77.39982537493702,
    "dpo": 44.700282473853704,
    "oca_to_sales": 0.26945048097407587,
    "onca_to_sales": 0.7449467120596605,
    "ocl_to_sales": 0.3288096781253902,
    "oncl_to_sales": 0.30203990860556196,
    "capex_to_sales": 0.08064080389390409,
    "dep_to_ppe": 0.16574165368086743,
    "cash_min_to_sales": 0.11059549929231927,
    "r_st": 0.015219049174366561,
    "r_lt": 0.015219049174366561,
    "tax_rate": 0.2637064157929316,
    "payout": 0.4959281214115989
  },
  "fit_info": {
    "fit_mode_used": "heuristic",
    "loss": NaN,
    "epoch": -1,
    "note": ""
  }
}