{
  "scope": "company",
  "key": "XOM",
  "theta": {
    "dso": 31.554356845665296,
    "dio": 33.38245707695677,
    "dpo": 43.23884045033216,
    "oca_to_sales": 0.027856501386807883,
    "onca_to_sales": 0.18046345087267118,
    "ocl_to_sales": 0.08898120451426729,
    "oncl_to_sales": 0.17244257873353397,
    "capex_to_sales": 0.055829761868913655,
    "dep_to_ppe": 0.09839259401244975,
    "cash_min_to_sales": 0.07832331740843819,
    "r_st": 0.01990610989020422,
    "r_lt": 0.01990610989020422,
    "tax_rate": 0.28285746890000285,
    "payout": 0.3414623618982368
  },
  "fit_info": {
    "fit_mode_used": "heuristic",
    "loss": NaN,
    "epoch": -1,
    "note": ""
  }
}