{
  "scope": "global",
  "key": "global",
  "theta": {
    "dso": 46.07111358642578,
    "dio": 72.8775863647461,
    "dpo": 53.927391052246094,
    "oca_to_sales": 0.10000000149011612,
    "onca_to_sales": 0.5,
    "ocl_to_sales": 0.10000000149011612,
    "oncl_to_sales": 0.5,
    "capex_to_sales": 0.046320486813783646,
    "dep_to_ppe": 0.11892247200012207,
    "cash_min_to_sales": 0.0023609434720128775,
    "r_st": 0.047993600368499756,
    "r_lt": 0.047992512583732605,
    "tax_rate": 0.2264147251844406,
    "payout": 0.4585423171520233
  },
  "fit_info": {
    "fit_mode_used": "tf",
    "loss": 21597493248.0,
    "epoch": 2499,
    "note": "",
    "loss_mode": "relative"
  }
}